Malzeme Grubu;Kategori;Net Satış Miktarı
AdaHome Amerikan Servis 4 lü Set;AdaHome Amerikan Servis 4 lü Set;0
AdaHome Amerikan Servis 4 lü Set Özel Tasarım;AdaHome Amerikan Servis 4 lü Set Özel Tasarım;0
AdaHome Dolgulu Yastık Fırfırlı;AdaHome Dolgulu Yastık Fırfırlı;0
AdaHome Dolgulu Yastık Fırfırlı Özel Tasarım;AdaHome Dolgulu Yastık Fırfırlı Özel Tasarım;0
AdaHome Kumaş Baskılı Blackout;AdaHome Kumaş Baskılı Blackout;0
AdaHome Kumaş Baskılı Blackout Özel Tasarım ;AdaHome Kumaş Baskılı Blackout Özel Tasarım;0
AdaHome Kumaş Baskılı İnce Keten;AdaHome Kumaş Baskılı İnce Keten;0
AdaHome Kumaş Baskılı İnce Keten Özel Tasarım ;AdaHome Kumaş Baskılı İnce Keten Özel Tasarım;0
AdaHome Kumaş Baskılı Kadife;AdaHome Kumaş Baskılı Kadife;0
AdaHome Kumaş Baskılı Kadife Kumaş Özel Tasarım;AdaHome Kumaş Baskılı Kadife Kumaş Özel Tasarım;0
AdaHome Kumaş Baskılı Keten Blackout;AdaHome Kumaş Baskılı Keten Blackout;0
AdaHome Kumaş Baskılı Keten Blackout Özel Tasarım;AdaHome Kumaş Baskılı Keten Blackout Özel Tasarım;0
AdaHome Kumaş Baskılı Süet;AdaHome Kumaş Baskılı Süet;0
AdaHome Kumaş Baskılı Süet Özel Tasarım ;AdaHome Kumaş Baskılı Süet Özel Tasarım;0
AdaHome Kumaş Döşeme İçin Özel Üretilen;AdaHome Kumaş Döşeme İçin Özel Üretilen;0
AdaHome Kumaş Renkli Blackout;AdaHome Kumaş Renkli Blackout;0
AdaHome Kumaş Renkli İnce Keten;AdaHome Kumaş Renkli İnce Keten;0
AdaHome Kumaş Renkli İnce Keten;AdaHome Kumaş Renkli İnce Keten;0
AdaHome Masa Örtüsü;AdaHome Masa Örtüsü;0
AdaHome Masa Örtüsü Özel Tasarım;AdaHome Masa Örtüsü Özel Tasarım;0
AdaHome Mobilya Madam Sandalye;AdaHome Mobilya Madam Sandalye;0
AdaHome Mobilya Madam Sandalye Özel Tasarım;AdaHome Mobilya Madam Sandalye Özel Tasarım;0
AdaHome Mobilya Ottoman Büyük Berjer;AdaHome Mobilya Ottoman Büyük Berjer;0
AdaHome Mobilya Ottoman Büyük Berjer Özel Tasarım;AdaHome Mobilya Ottoman Büyük Berjer Özel Tasarım;0
AdaHome Mobilya Ottoman Küçük Berjer;AdaHome Mobilya Ottoman Küçük Berjer;0
AdaHome Mobilya Ottoman Küçük Berjer Özel Tasarım;AdaHome Mobilya Ottoman Küçük Berjer Özel Tasarım;0
AdaHome Mobilya Yuvarlak Masa Kahve;AdaHome Mobilya Yuvarlak Masa Kahve;0
AdaHome Mobilya Yuvarlak Masa Siyah;AdaHome Mobilya Yuvarlak Masa Siyah;0
AdaHome Önlük;AdaHome Önlük;0
AdaHome Önlük Özel Tasarım;AdaHome Önlük Özel Tasarım;0
AdaHome Perde Aksesuarları;AdaHome Perde Aksesuarları;0
AdaHome Perde Baskılı Blackout;AdaHome Perde Baskılı Blackout;0
AdaHome Perde Baskılı Blackout Özel Tasarım;AdaHome Perde Baskılı Blackout Özel Tasarım;0
AdaHome Perde Baskılı İnce Keten;AdaHome Perde Baskılı İnce Keten;0
AdaHome Perde Baskılı İnce Keten Özel Tasarım;AdaHome Perde Baskılı İnce Keten Özel Tasarım;0
AdaHome Perde Baskılı Kadife;AdaHome Perde Baskılı Kadife;0
AdaHome Perde Baskılı Kadife Özel Tasarım;AdaHome Perde Baskılı Kadife Özel Tasarım;0
AdaHome Perde Baskılı Keten Blackout;AdaHome Perde Baskılı Keten Blackout;0
AdaHome Perde Baskılı Keten Blackout Özel Tasarım;AdaHome Perde Baskılı Keten Blackout Özel Tasarım;0
AdaHome Perde Baskılı Süet;AdaHome Perde Baskılı Süet;0
AdaHome Perde Baskılı Süet Özel Tasarım;AdaHome Perde Baskılı Süet Özel Tasarım;0
AdaHome Perde Renkli Blackout;AdaHome Perde Renkli Blackout;0
AdaHome Perde Renkli İnce Keten;AdaHome Perde Renkli İnce Keten;0
AdaHome Perde Renkli Keten Blackout;AdaHome Perde Renkli Keten Blackout;0
AdaHome Perde Tül;AdaHome Perde Tül;0
AdaHome Pleksi Tepsi 24x40;AdaHome Pleksi Tepsi 24x40;0
AdaHome Pleksi Tepsi 24x40 Özel Tasarım;AdaHome Pleksi Tepsi 24x40 Özel Tasarım;0
AdaHome Pleksi Tepsi 25x25;AdaHome Pleksi Tepsi 25x25;0
AdaHome Pleksi Tepsi 25x25 Özel Tasarım;AdaHome Pleksi Tepsi 25x25 Özel Tasarım;0
AdaHome Puf;AdaHome Puf;0
AdaHome Puf Ayaklı;AdaHome Puf Ayaklı;0
AdaHome Puf Ayaklı Özel Tasarım;AdaHome Puf Ayaklı Özel Tasarım;0
AdaHome Puf Özel Tasarım;AdaHome Puf Özel Tasarım;0
AdaHome Puf Tepsisi Kahve;AdaHome Puf Tepsisi Kahve;0
AdaHome Puf Tepsisi Siyah;AdaHome Puf Tepsisi Siyah;0
AdaHome Runner;AdaHome Runner;0
AdaHome Runner Özel Tasarım;AdaHome Runner Özel Tasarım;0
AdaHome Şezlong İskeleti;AdaHome Şezlong İskeleti;0
AdaHome Şezlong Kumaşı;AdaHome Şezlong Kumaşı;0
AdaHome Şezlong Kumaşı Dış Mekan;AdaHome Şezlong Kumaşı Dış Mekan;0
AdaHome Şezlong Kumaşı Dış Mekan Fileli;AdaHome Şezlong Kumaşı Dış Mekan Fileli;0
AdaHome Şezlong Kumaşı Özel Tasarım;AdaHome Şezlong Kumaşı Özel Tasarım;0
AdaHome Yastık Kılıfı Fırfırlı;AdaHome Yastık Kılıfı Fırfırlı;0
AdaHome Yastık Kılıfı Fırfırlı Özel Tasarım ;AdaHome Yastık Kılıfı Fırfırlı Özel Tasarım;0
AdaPanel Led Bar;AdaPanel Led Bar;0
AdaPanel MDF Akustik Panel;AdaPanel MDF Akustik Panel;0
AdaPanel MDF Panel 200 Serisi (6 lı Paket);AdaPanel MDF Panel 200 Serisi (6 lı Paket);0
AdaPanel MDF Panel 300 Serisi (6 lı Paket);AdaPanel MDF Panel 300 Serisi (6 lı Paket);0
AdaPanel MDF Panel 500 Serisi (6 lı Paket);AdaPanel MDF Panel 500 Serisi (6 lı Paket);0
AdaPanel MDF Panel 900 Serisi (6 lı Paket);AdaPanel MDF Panel 900 Serisi (6 lı Paket);0
AdaPanel MDF S.T. Panel 500 Serisi (6 lı Paket);AdaPanel MDF S.T. Panel 500 Serisi (6 lı Paket);0
AdaPanel MDF S.T. Panel 900 Serisi (6 lı Paket);AdaPanel MDF S.T. Panel 900 Serisi (6 lı Paket);0
AdaPanel MS Polimer Yapıştırıcı;AdaPanel MS Polimer Yapıştırıcı;0
AdaPanel PS Çıta (150 li Kutu);AdaPanel PS Çıta (150 li Kutu);0
AdaPanel PS Çıta (35 li Kutu);AdaPanel PS Çıta (35 li Kutu);0
AdaPanel PS Çıta (77 li Kutu);AdaPanel PS Çıta (77 li Kutu);0
AdaPanel PS Çıta (Adetli Satış);AdaPanel PS Çıta (Adetli Satış);0
AdaPanel PS Çıta (Özel Üretim);AdaPanel PS Çıta (Özel Üretim);0
AdaPanel PS Köşe Çıta (21 li Kutu);AdaPanel PS Köşe Çıta (21 li Kutu);0
AdaPanel PS Köşe Çıta (Adetli Satış);AdaPanel PS Köşe Çıta (Adetli Satış);0
AdaPanel PS Köşe Çıta (Özel Üretim);AdaPanel PS Köşe Çıta (Özel Üretim);0
AdaPanel PS Panel 100 serisi (12 li Paket);AdaPanel PS Panel 100 serisi (12 li Paket);0
AdaPanel PS Panel 100 serisi (12 li Paket);AdaPanel PS Panel 100 serisi (12 li Paket);0
AdaPanel PS Panel 100 serisi (4 lü Paket);AdaPanel PS Panel 100 serisi (4 lü Paket);0
AdaPanel PS Panel 100 serisi (Özel Üretim);AdaPanel PS Panel 100 serisi (Özel Üretim);0
AdaPanel PS Panel 100 serisi (Özel Üretim);AdaPanel PS Panel 100 serisi (Özel Üretim);0
AdaPanel PS Panel 200 serisi (18 li Paket);AdaPanel PS Panel 200 serisi (18 li Paket);0
AdaPanel PS Panel 200 serisi (6 lı Paket);AdaPanel PS Panel 200 serisi (6 lı Paket);0
AdaPanel PS Panel 200 serisi (Özel Üretim);AdaPanel PS Panel 200 serisi (Özel Üretim);0
AdaPanel PS Panel 300 serisi (18 li Paket);AdaPanel PS Panel 300 serisi (18 li Paket);0
AdaPanel PS Panel 300 serisi (6 lı Paket);AdaPanel PS Panel 300 serisi (6 lı Paket);0
AdaPanel PS Panel 300 serisi (Özel Üretim);AdaPanel PS Panel 300 serisi (Özel Üretim);0
AdaPanel PS Panel 400 serisi (18 li Paket);AdaPanel PS Panel 400 serisi (18 li Paket);0
AdaPanel PS Panel 400 serisi (6 lı Paket);AdaPanel PS Panel 400 serisi (6 lı Paket);0
AdaPanel PS Panel 400 serisi (Özel Üretim);AdaPanel PS Panel 400 serisi (Özel Üretim);0
AdaPanel PS Panel 500 serisi (18 li Paket);AdaPanel PS Panel 500 serisi (18 li Paket);0
AdaPanel PS Panel 500 serisi (6 lı Paket);AdaPanel PS Panel 500 serisi (6 lı Paket);0
AdaPanel PS Panel 500 serisi (Özel Üretim);AdaPanel PS Panel 500 serisi (Özel Üretim);0
AdaPanel PS Panel 600 serisi (18 li Paket);AdaPanel PS Panel 600 serisi (18 li Paket);0
AdaPanel PS Panel 600 serisi (6 lı Paket);AdaPanel PS Panel 600 serisi (6 lı Paket);0
AdaPanel PS Panel 600 serisi (Özel Üretim);AdaPanel PS Panel 600 serisi (Özel Üretim);0
AdaPanel PS Panel 700 serisi (18 li Paket);AdaPanel PS Panel 700 serisi (18 li Paket);0
AdaPanel PS Panel 700 serisi (6 lı Paket);AdaPanel PS Panel 700 serisi (6 lı Paket);0
AdaPanel PS Panel 700 serisi (Özel Üretim);AdaPanel PS Panel 700 serisi (Özel Üretim);0
AdaPanel PS Panel 800 serisi (18 li Paket);AdaPanel PS Panel 800 serisi (18 li Paket);0
AdaPanel PS Panel 800 serisi (6 lı Paket);AdaPanel PS Panel 800 serisi (6 lı Paket);0
AdaPanel PS Panel 800 serisi (Özel Üretim);AdaPanel PS Panel 800 serisi (Özel Üretim);0
AdaPanel PS Panel Kapama 100 serisi (16 lı Paket);AdaPanel PS Panel Kapama 100 serisi (16 lı Paket);0
AdaPanel PS Panel Kapama 100 serisi (40 lı Paket);AdaPanel PS Panel Kapama 100 serisi (40 lı Paket);0
AdaPanel PS Panel Kapama 100 serisi (Özel Üretim);AdaPanel PS Panel Kapama 100 serisi (Özel Üretim);0
AdaPanel PS Panel Kapama 500 serisi (32 lı Paket);AdaPanel PS Panel Kapama 500 serisi (32 lı Paket);0
AdaPanel PS Panel Kapama 500 serisi (Özel Üretim);AdaPanel PS Panel Kapama 500 serisi (Özel Üretim);0
AdaPanel PS Panel Kapama 600 serisi (24 lı Paket);AdaPanel PS Panel Kapama 600 serisi (24 lı Paket);0
AdaPanel PS Panel Kapama 600 serisi (30 lı Paket);AdaPanel PS Panel Kapama 600 serisi (30 lı Paket);0
AdaPanel PS Panel Kapama 600 serisi (Özel Üretim);AdaPanel PS Panel Kapama 600 serisi (Özel Üretim);0
AdaPanel PS Panel Kapama 800 serisi (24 lı Paket);AdaPanel PS Panel Kapama 800 serisi (24 lı Paket);0
AdaPanel PS Panel Kapama 800 serisi (Özel Üretim);AdaPanel PS Panel Kapama 800 serisi (Özel Üretim);0
AdaPanel PS Süpürgelik (16 lı Kutu);AdaPanel PS Süpürgelik (16 lı Kutu);0
AdaPanel PS Süpürgelik (20 li Kutu);AdaPanel PS Süpürgelik (20 li Kutu);0
AdaPanel PS Süpürgelik (Adetli Satış);AdaPanel PS Süpürgelik (Adetli Satış);0
AdaPanel PS Süpürgelik (Özel Üretim);AdaPanel PS Süpürgelik (Özel Üretim);0
Adawall Akustik Duvar Kağıdı;Akustik;0
Adawall Duvar Kağıdı;10.0 MTR;0
Adawall Duvar Kağıdı;15.6 MTR;0
Adawall Duvar Kağıdı;Açık Metre;0
Adawall Duvar Kağıdı;Numune Rulo;0
AdaWall Duvar Kağıdı Ekipmanları;Adawall Duvar Kağıdı Uygulama Tezgahı;0
AdaWall Katalog Poster Ürünü NW;AdaWall Katalog Poster Ürünü NW;0
AdaWall Katalog Poster Ürünü NW;AdaWall Katalog Dışı Poster Ürünü NW;0
AdaWall Katalog Poster Ürünü NW;AdaWall Katalog Poster Ürünü NW;0
AdaWall Katalog Poster Ürünü TEKSTİL;AdaWall Katalog Poster Ürünü TEKSTİL;0
AdaWall Katalog Poster Ürünü TEKSTİL;AdaWall Katalog Dışı Poster Ürünü TEKSTİL;0
AdaWall Katalog Poster Ürünü TEKSTİL;AdaWall Katalog Poster Ürünü TEKSTİL;0
Adawall Tutkal;25 Kğ;0
Adawall Tutkal;1 Kğ;0
Adawall Tutkal;10 Kğ;0
Adawall Tutkal;5 Kğ;0
Adawall Tutkal;500 Gr;0
Adawall Tutkal;200 Gram;0
Duvar Tanıtım Panolar;Duvar Tanıtım Panoları;0
İthal Duvar Kağıdı;Embro Duvar Kağıdı;0
İthal Katalog;Embro Katalog;0
